{
    "accuracy": 0.6806666666666666,
    "precision": 0.6808757590441217,
    "recall": 0.6806666666666666,
    "f1_score": 0.6805743526545838,
    "auc_roc": 0.7508136944444443,
    "confusion_matrix": [
        [
            11946,
            6054
        ],
        [
            5442,
            12558
        ]
    ],
    "total_samples": 36000
}